Tag,Theta,Rho
VQ228,2.66511835242777,25.8064695912067
UP436,3.19096771231217,40.8719846112552
QF311,0.537311599807915,59.4896074008614
JH923,1.64922452045223,26.2211747780845
VM430,5.03292330862282,60.2843089382083
NF185,0.183596418650187,71.1215780433683
JV904,5.83616268168139,22.174673401724
YF979,4.58880414687317,11.7417650855806
WF439,3.07002072515874,29.6675873218327
OE112,3.63498016325764,31.8778301925882
